Frame,Timestamp,StarsUpdated,ActiveTiles,FrameTimeMs,Azimuth,Altitude
0,0.000,1820,301,14.684,0.2,0.0
1,0.017,1842,305,0.464,0.5,0.4
2,0.033,1839,306,0.227,0.8,0.9
3,0.050,1849,306,0.233,1.0,1.4
4,0.067,1842,304,0.176,1.2,1.8
5,0.083,1849,305,0.174,1.5,2.2
6,0.100,1854,307,0.204,1.8,2.7
7,0.117,1870,311,0.278,2.0,3.2
8,0.133,1867,309,0.223,2.2,3.6
9,0.150,1853,308,0.194,2.5,4.1
10,0.167,1850,308,0.208,2.8,4.5
11,0.183,1862,311,0.206,3.0,4.9
12,0.200,1868,313,0.206,3.2,5.4
13,0.217,1841,311,0.193,3.5,5.8
14,0.233,1858,314,0.219,3.8,6.3
15,0.250,1845,313,0.197,4.0,6.8
16,0.267,1843,313,0.182,4.2,7.2
17,0.283,1835,313,0.189,4.5,7.7
18,0.300,1829,314,0.184,4.8,8.1
19,0.317,1827,317,0.181,5.0,8.6
20,0.333,1825,320,0.217,5.2,9.0
21,0.350,1805,318,0.187,5.5,9.4
22,0.367,1818,325,0.275,5.8,9.9
23,0.383,1822,328,0.228,6.0,10.4
24,0.400,1814,327,0.226,6.2,10.8
25,0.417,1824,330,0.248,6.5,11.2
26,0.433,1826,333,0.206,6.8,11.7
27,0.450,1824,335,0.245,7.0,12.2
28,0.467,1826,335,0.218,7.2,12.6
29,0.483,1827,337,23.625,7.5,13.0
30,0.500,1843,343,0.274,7.8,13.5
31,0.517,1844,346,0.206,8.0,13.9
32,0.533,1825,345,0.253,8.2,14.4
33,0.550,1833,350,0.225,8.5,14.9
34,0.567,1816,349,0.256,8.8,15.3
35,0.583,1820,351,0.205,9.0,15.8
36,0.600,1820,351,0.196,9.2,16.2
37,0.617,1837,353,0.229,9.5,16.6
38,0.633,1837,354,0.338,9.8,17.1
39,0.650,1846,356,0.236,10.0,17.5
40,0.667,1838,356,0.232,10.2,18.0
41,0.683,1835,356,0.216,10.5,18.5
42,0.700,1836,357,0.226,10.8,18.9
43,0.717,1838,358,0.211,11.0,19.4
44,0.733,1841,359,0.225,11.2,19.8
45,0.750,1842,361,0.233,11.5,20.2
46,0.767,1840,363,0.211,11.8,20.7
47,0.783,1830,364,0.215,12.0,21.1
48,0.800,1823,362,0.227,12.2,21.6
49,0.817,1827,364,0.240,12.5,22.1
50,0.833,1828,364,0.214,12.8,22.5
51,0.850,1829,366,0.250,13.0,22.9
52,0.867,1829,367,0.200,13.2,23.4
53,0.883,1832,368,0.202,13.5,23.8
54,0.900,1829,369,0.209,13.8,24.3
55,0.917,1829,368,0.217,14.0,24.8
56,0.933,1823,368,0.217,14.2,25.2
57,0.950,1823,369,0.213,14.5,25.6
58,0.967,1823,370,0.193,14.8,26.1
59,0.983,1826,371,4.736,15.0,26.5
60,1.000,1813,370,0.261,15.2,27.0
61,1.017,1811,370,0.195,15.5,27.5
62,1.033,1836,374,0.269,15.8,27.9
63,1.050,1836,375,0.229,16.0,28.4
64,1.067,1834,375,0.215,16.2,28.8
65,1.083,1831,375,0.198,16.5,29.2
66,1.100,1826,374,0.212,16.8,29.7
67,1.117,1824,374,0.199,17.0,30.2
68,1.133,1833,376,0.259,17.2,30.6
69,1.150,1832,376,0.205,17.5,31.0
70,1.167,1833,377,0.219,17.8,31.5
71,1.183,1839,378,0.206,18.0,31.9
72,1.200,1838,377,0.215,18.2,32.4
73,1.217,1823,374,0.201,18.5,32.9
74,1.233,1815,374,0.202,18.8,33.3
75,1.250,1821,375,0.220,19.0,33.8
76,1.267,1820,376,0.207,19.2,34.2
77,1.283,1844,378,0.250,19.5,34.6
78,1.300,1845,378,0.209,19.8,35.1
79,1.317,1831,378,0.222,20.0,35.5
80,1.333,1834,379,0.206,20.2,36.0
81,1.350,1828,378,0.196,20.5,36.5
82,1.367,1823,378,0.206,20.8,36.9
83,1.383,1823,378,0.184,21.0,37.3
84,1.400,1846,381,0.246,21.2,37.8
85,1.417,1846,381,0.190,21.5,38.2
86,1.433,1849,382,0.206,21.8,38.7
87,1.450,1861,384,0.215,22.0,39.2
88,1.467,1854,383,0.204,22.2,39.6
89,1.483,1854,383,3.605,22.5,40.0
90,1.500,1846,382,1.186,22.8,40.5
91,1.517,1830,380,0.204,23.0,41.0
92,1.533,1820,379,0.208,23.2,41.4
93,1.550,1829,380,0.224,23.5,41.8
94,1.567,1817,378,0.194,23.8,42.3
95,1.583,1842,381,0.245,24.0,42.8
96,1.600,1855,383,0.228,24.2,43.2
97,1.617,1865,385,0.218,24.5,43.7
98,1.633,1856,385,0.206,24.8,44.1
99,1.650,1858,386,0.210,25.0,44.5
100,1.667,1851,386,0.198,25.2,45.0
101,1.683,1838,385,0.229,25.5,45.5
102,1.700,1831,385,0.246,25.8,45.9
103,1.717,1831,385,0.194,26.0,46.3
104,1.733,1823,384,0.195,26.2,46.8
105,1.750,1854,385,0.253,26.5,47.2
106,1.767,1855,385,0.208,26.8,47.7
107,1.783,1865,386,0.210,27.0,48.2
108,1.800,1860,386,0.214,27.2,48.6
109,1.817,1873,388,0.218,27.5,49.1
110,1.833,1859,386,0.188,27.8,49.5
111,1.850,1859,386,0.184,28.0,50.0
112,1.867,1854,383,0.221,28.2,50.4
113,1.883,1854,383,0.189,28.5,50.8
114,1.900,1848,382,0.186,28.8,51.3
115,1.917,1854,383,0.199,29.0,51.8
116,1.933,1883,386,0.248,29.2,52.2
117,1.950,1873,386,0.216,29.5,52.6
118,1.967,1862,384,0.194,29.8,53.1
119,1.983,1870,386,2.956,30.0,53.6
120,2.000,1870,386,1.151,30.2,54.0
121,2.017,1870,386,0.191,30.5,54.5
122,2.033,1882,387,1.612,30.8,54.9
123,2.050,1890,388,0.230,31.0,55.4
124,2.067,1890,388,0.171,31.2,55.8
125,2.083,1872,386,0.172,31.5,56.2
126,2.100,1884,387,0.189,31.8,56.7
127,2.117,1898,389,0.195,32.0,57.1
128,2.133,1886,387,0.184,32.2,57.6
129,2.150,1886,387,0.163,32.5,58.0
130,2.167,1891,388,0.179,32.8,58.5
131,2.183,1887,388,0.181,33.0,58.9
132,2.200,1898,389,0.199,33.2,59.4
133,2.217,1888,388,0.168,33.5,59.9
134,2.233,1893,389,0.174,33.8,60.3
135,2.250,1881,388,0.167,34.0,60.8
136,2.267,1881,388,0.232,34.2,61.2
137,2.283,1909,391,0.250,34.5,61.7
138,2.300,1897,390,0.344,34.8,62.1
139,2.317,1892,389,0.198,35.0,62.5
140,2.333,1892,389,0.172,35.2,63.0
141,2.350,1899,390,0.183,35.5,63.4
142,2.367,1899,390,0.163,35.8,63.9
143,2.383,1913,391,0.191,36.0,64.3
144,2.400,1920,391,0.246,36.2,64.8
145,2.417,1911,391,0.191,36.5,65.2
146,2.433,1896,390,0.174,36.8,65.7
147,2.450,1908,391,0.185,37.0,66.2
148,2.467,1904,390,0.165,37.2,66.6
149,2.483,1904,390,1.069,37.5,67.1
150,2.500,1895,389,2.810,37.8,67.5
151,2.517,1890,388,0.447,38.0,67.9
152,2.533,1906,389,0.234,38.2,68.4
153,2.550,1906,389,0.159,38.5,68.8
154,2.567,1916,388,0.265,38.8,69.3
155,2.583,1910,387,0.171,39.0,69.8
156,2.600,1921,388,0.185,39.2,70.2
157,2.617,1931,389,0.181,39.5,70.7
158,2.633,1939,389,0.191,39.8,71.1
159,2.650,1922,386,0.169,40.0,71.6
160,2.667,1918,385,0.172,40.2,72.0
161,2.683,1916,385,0.180,40.5,72.4
162,2.700,1916,385,0.161,40.8,72.9
163,2.717,1919,385,0.184,41.0,73.3
164,2.733,1913,384,0.163,41.2,73.8
165,2.750,1941,387,0.245,41.5,74.2
166,2.767,1941,387,0.163,41.8,74.7
167,2.783,1939,386,0.164,42.0,75.2
168,2.800,1959,388,0.203,42.2,75.6
169,2.817,1972,390,0.191,42.5,76.1
170,2.833,1956,388,0.169,42.8,76.5
171,2.850,1957,388,0.184,43.0,77.0
172,2.867,1944,387,0.167,43.2,77.4
173,2.883,1941,386,0.185,43.5,77.8
174,2.900,1944,387,0.168,43.8,78.3
175,2.917,1932,386,0.165,44.0,78.8
176,2.933,1939,387,0.178,44.2,79.2
177,2.950,1938,387,0.199,44.5,79.7
178,2.967,1945,388,0.175,44.8,80.1
179,2.983,1958,389,1.011,45.0,80.5
180,3.000,1937,387,2.596,45.2,81.0
181,3.017,1949,388,0.602,45.5,81.4
182,3.033,1949,388,0.163,45.8,81.9
183,3.050,1945,387,0.182,46.0,82.3
184,3.067,1953,387,0.189,46.2,82.8
185,3.083,1941,385,0.166,46.5,83.2
186,3.100,1935,384,0.163,46.8,83.7
187,3.117,1941,385,0.173,47.0,84.2
188,3.133,1925,382,0.166,47.2,84.6
189,3.150,1925,381,0.182,47.5,85.1
190,3.167,1937,382,0.193,47.8,85.5
191,3.183,1939,383,0.192,48.0,85.9
192,3.200,1946,383,0.182,48.2,86.4
193,3.217,1949,383,0.175,48.5,86.8
194,3.233,1948,383,0.174,48.8,87.3
195,3.250,1953,383,0.189,49.0,87.8
196,3.267,1948,382,0.175,49.2,88.2
197,3.283,1955,383,0.179,49.5,88.7
198,3.300,1959,384,0.171,49.8,89.1
199,3.317,1953,383,0.163,50.0,89.6
200,3.333,1785,380,2.939,50.2,0.0
201,3.350,1795,382,0.211,50.5,0.4
202,3.367,1763,378,0.176,50.8,0.9
203,3.383,1768,379,0.179,51.0,1.4
204,3.400,1750,377,0.173,51.2,1.8
205,3.417,1764,380,0.211,51.5,2.2
206,3.433,1755,380,0.195,51.8,2.7
207,3.450,1762,381,0.179,52.0,3.2
208,3.467,1777,384,0.216,52.2,3.6
209,3.483,1791,386,1.121,52.5,4.1
210,3.500,1794,386,3.011,52.8,4.5
211,3.517,1801,388,0.821,53.0,4.9
212,3.533,1793,387,0.212,53.2,5.4
213,3.550,1772,387,0.208,53.5,5.8
214,3.567,1771,387,0.209,53.8,6.3
215,3.583,1765,386,0.203,54.0,6.8
216,3.600,1772,387,0.205,54.2,7.2
217,3.617,1769,386,0.205,54.5,7.7
218,3.633,1773,386,0.218,54.8,8.1
219,3.650,1759,384,0.205,55.0,8.6
220,3.667,1761,385,0.211,55.2,9.0
221,3.683,1765,386,0.190,55.5,9.4
222,3.700,1765,387,0.205,55.8,9.9
223,3.717,1773,389,0.198,56.0,10.4
224,3.733,1773,389,0.176,56.2,10.8
225,3.750,1783,390,0.201,56.5,11.2
226,3.767,1779,388,0.210,56.8,11.7
227,3.783,1768,387,0.199,57.0,12.2
228,3.800,1775,388,0.196,57.2,12.6
229,3.817,1781,389,0.198,57.5,13.0
230,3.833,1777,389,0.225,57.8,13.5
231,3.850,1761,388,0.181,58.0,13.9
232,3.867,1767,389,0.195,58.2,14.4
233,3.883,1787,391,0.223,58.5,14.9
234,3.900,1781,392,0.210,58.8,15.3
235,3.917,1785,393,0.192,59.0,15.8
236,3.933,1801,395,0.220,59.2,16.2
237,3.950,1812,397,0.205,59.5,16.6
238,3.967,1803,396,0.181,59.8,17.1
239,3.983,1801,396,1.347,60.0,17.5
240,4.000,1801,396,0.189,60.2,18.0
241,4.017,1788,394,0.185,60.5,18.5
242,4.033,1790,394,0.212,60.8,18.9
243,4.050,1774,391,0.206,61.0,19.4
244,4.067,1752,389,0.495,61.2,19.8
245,4.083,1752,389,0.181,61.5,20.2
246,4.100,1761,390,0.232,61.8,20.7
247,4.117,1771,391,0.203,62.0,21.1
248,4.133,1771,391,0.168,62.2,21.6
249,4.150,1776,393,0.194,62.5,22.1
250,4.167,1803,396,0.237,62.8,22.5
251,4.183,1801,396,0.206,63.0,22.9
252,4.200,1786,394,0.181,63.2,23.4
253,4.217,1791,395,0.195,63.5,23.8
254,4.233,1781,394,0.183,63.8,24.3
255,4.250,1784,394,0.201,64.0,24.8
256,4.267,1786,394,0.218,64.2,25.2
257,4.283,1766,392,0.188,64.5,25.6
258,4.300,1758,390,0.173,64.8,26.1
259,4.317,1770,392,0.201,65.0,26.5
260,4.333,1782,393,0.211,65.2,27.0
261,4.350,1787,393,0.186,65.5,27.5
262,4.367,1787,393,0.162,65.8,27.9
263,4.383,1795,395,0.187,66.0,28.4
264,4.400,1798,395,0.189,66.2,28.8
265,4.417,1794,395,0.178,66.5,29.2
266,4.433,1802,397,0.182,66.8,29.7
267,4.450,1811,398,0.189,67.0,30.2
268,4.467,1802,396,0.188,67.2,30.6
269,4.483,1810,397,1.152,67.5,31.0
270,4.500,1810,397,1.033,67.8,31.5
271,4.517,1794,395,2.954,68.0,31.9
272,4.533,1794,395,0.174,68.2,32.4
273,4.550,1785,394,0.199,68.5,32.9
274,4.567,1780,393,0.186,68.8,33.3
275,4.583,1780,393,0.158,69.0,33.8
276,4.600,1794,393,0.201,69.2,34.2
277,4.617,1811,396,0.205,69.5,34.6
278,4.633,1805,395,0.169,69.8,35.1
279,4.650,1793,394,0.170,70.0,35.5
280,4.667,1798,395,0.176,70.2,36.0
281,4.683,1796,395,0.192,70.5,36.5
282,4.700,1808,395,0.192,70.8,36.9
283,4.717,1808,395,0.161,71.0,37.3
284,4.733,1811,396,0.190,71.2,37.8
285,4.750,1809,396,0.176,71.5,38.2
286,4.767,1824,398,0.204,71.8,38.7
287,4.783,1839,400,0.192,72.0,39.2
288,4.800,1829,399,0.165,72.2,39.6
289,4.817,1826,399,0.174,72.5,40.0
290,4.833,1838,400,0.184,72.8,40.5
291,4.850,1831,399,0.164,73.0,41.0
292,4.867,1825,398,0.198,73.2,41.4
293,4.883,1825,398,0.162,73.5,41.8
294,4.900,1853,398,0.223,73.8,42.3
295,4.917,1854,398,0.182,74.0,42.8
296,4.933,1855,399,0.167,74.2,43.2
297,4.950,1847,397,0.168,74.5,43.7
298,4.967,1855,398,0.187,74.8,44.1
299,4.983,1866,398,0.998,75.0,44.5
300,5.000,1871,398,0.215,75.2,45.0
301,5.017,1875,399,0.171,75.5,45.5
302,5.033,1862,397,0.169,75.8,45.9
303,5.050,1871,398,0.177,76.0,46.3
304,5.067,1878,398,0.193,76.2,46.8
305,5.083,1885,399,0.174,76.5,47.2
306,5.100,1887,399,0.179,76.8,47.7
307,5.117,1899,399,0.192,77.0,48.2
308,5.133,1906,400,0.208,77.2,48.6
309,5.150,1897,399,0.204,77.5,49.1
310,5.167,1892,398,0.179,77.8,49.5
311,5.183,1888,396,0.221,78.0,50.0
312,5.200,1882,395,0.182,78.2,50.4
313,5.217,1883,395,0.185,78.5,50.8
314,5.233,1878,394,0.172,78.8,51.3
315,5.250,1878,394,0.159,79.0,51.8
316,5.267,1882,395,0.193,79.2,52.2
317,5.283,1873,394,0.162,79.5,52.6
318,5.300,1881,395,0.175,79.8,53.1
319,5.317,1893,396,0.185,80.0,53.6
320,5.333,1886,395,0.174,80.2,54.0
321,5.350,1866,393,0.191,80.5,54.5
322,5.367,1863,392,0.160,80.8,54.9
323,5.383,1867,393,0.180,81.0,55.4
324,5.400,1873,394,0.192,81.2,55.8
325,5.417,1873,394,0.161,81.5,56.2
326,5.433,1894,396,0.207,81.8,56.7
327,5.450,1912,398,0.200,82.0,57.1
328,5.467,1903,397,0.168,82.2,57.6
329,5.483,1898,396,1.155,82.5,58.0
330,5.500,1898,395,3.234,82.8,58.5
331,5.517,1898,395,0.573,83.0,58.9
332,5.533,1882,393,0.193,83.2,59.4
333,5.550,1882,393,0.160,83.5,59.9
334,5.567,1897,394,0.214,83.8,60.3
335,5.583,1897,394,0.170,84.0,60.8
336,5.600,1882,392,0.165,84.2,61.2
337,5.617,1882,392,0.158,84.5,61.7
338,5.633,1873,391,0.179,84.8,62.1
339,5.650,1881,392,0.176,85.0,62.5
340,5.667,1934,396,0.273,85.2,63.0
341,5.683,1934,396,0.164,85.5,63.4
342,5.700,1934,396,0.160,85.8,63.9
343,5.717,1949,397,0.210,86.0,64.3
344,5.733,1937,395,0.167,86.2,64.8
345,5.750,1946,396,0.192,86.5,65.2
346,5.767,1942,395,0.164,86.8,65.7
347,5.783,1937,393,0.163,87.0,66.2
348,5.800,1944,393,0.183,87.2,66.6
349,5.817,1943,392,0.191,87.5,67.1
350,5.833,1932,390,0.164,87.8,67.5
351,5.850,1938,391,0.181,88.0,67.9
352,5.867,1923,389,0.168,88.2,68.4
353,5.883,1923,389,0.160,88.5,68.8
354,5.900,1914,390,0.183,88.8,69.3
355,5.917,1930,391,0.190,89.0,69.8
356,5.933,1921,390,0.182,89.2,70.2
357,5.950,1918,390,0.171,89.5,70.7
358,5.967,1914,389,0.162,89.8,71.1
359,5.983,1914,389,0.945,90.0,71.6
360,6.000,1901,388,0.178,90.2,72.0
361,6.017,1913,390,0.192,90.5,72.4
362,6.033,1902,388,0.165,90.8,72.9
363,6.050,1902,387,0.178,91.0,73.3
364,6.067,1915,388,0.408,91.2,73.8
365,6.083,1922,388,0.195,91.5,74.2
366,6.100,1944,390,0.201,91.8,74.7
367,6.117,1933,388,0.162,92.0,75.2
368,6.133,1946,390,0.196,92.2,75.6
369,6.150,1946,390,0.162,92.5,76.1
370,6.167,1973,394,0.216,92.8,76.5
371,6.183,1973,394,0.161,93.0,77.0
372,6.200,1970,393,0.163,93.2,77.4
373,6.217,1969,392,0.164,93.5,77.8
374,6.233,1962,391,0.166,93.8,78.3
375,6.250,1962,391,0.162,94.0,78.8
376,6.267,1958,390,0.199,94.2,79.2
377,6.283,1941,387,0.170,94.5,79.7
378,6.300,1926,385,0.170,94.8,80.1
379,6.317,1921,384,0.177,95.0,80.5
380,6.333,1918,383,0.166,95.2,81.0
381,6.350,1917,382,0.164,95.5,81.4
382,6.367,1916,382,0.192,95.8,81.9
383,6.383,1928,383,0.188,96.0,82.3
384,6.400,1948,385,0.204,96.2,82.8
385,6.417,1962,387,0.220,96.5,83.2
386,6.433,1966,388,0.175,96.8,83.7
387,6.450,1966,387,0.200,97.0,84.2
388,6.467,1971,388,0.194,97.2,84.6
389,6.483,1971,388,0.909,97.5,85.1
390,6.500,1977,390,0.199,97.8,85.5
391,6.517,1969,388,0.173,98.0,85.9
392,6.533,1938,382,0.200,98.2,86.4
393,6.550,1934,380,0.187,98.5,86.8
394,6.567,1934,380,0.182,98.8,87.3
395,6.583,1933,380,0.208,99.0,87.8
396,6.600,1931,379,0.162,99.2,88.2
397,6.617,1919,377,0.167,99.5,88.7
398,6.633,1923,378,0.171,99.8,89.1
399,6.650,1937,381,0.205,100.0,89.6
400,6.667,1618,386,2.589,100.2,0.0
401,6.683,1630,387,0.213,100.5,0.4
402,6.700,1645,389,0.190,100.8,0.9
403,6.717,1643,389,0.174,101.0,1.4
404,6.733,1639,388,0.163,101.2,1.8
405,6.750,1638,387,0.193,101.5,2.2
406,6.767,1653,388,0.187,101.8,2.7
407,6.783,1653,388,0.162,102.0,3.2
408,6.800,1646,388,0.197,102.2,3.6
409,6.817,1646,388,0.174,102.5,4.1
410,6.833,1657,390,0.184,102.8,4.5
411,6.850,1661,391,0.183,103.0,4.9
412,6.867,1679,393,0.194,103.2,5.4
413,6.883,1700,396,0.203,103.5,5.8
414,6.900,1707,397,0.176,103.8,6.3
415,6.917,1712,398,0.172,104.0,6.8
416,6.933,1703,397,0.170,104.2,7.2
417,6.950,1698,396,0.165,104.5,7.7
418,6.967,1692,395,0.162,104.8,8.1
419,6.983,1679,393,1.246,105.0,8.6
420,7.000,1677,392,2.674,105.2,9.0
421,7.017,1671,391,0.748,105.5,9.4
422,7.033,1663,390,0.299,105.8,9.9
423,7.050,1660,389,0.326,106.0,10.4
424,7.067,1653,388,0.289,106.2,10.8
425,7.083,1670,390,0.366,106.5,11.2
426,7.100,1695,392,0.417,106.8,11.7
427,7.117,1706,393,0.332,107.0,12.2
428,7.133,1705,393,0.313,107.2,12.6
429,7.150,1705,393,0.256,107.5,13.0
430,7.167,1719,393,0.233,107.8,13.5
431,7.183,1719,393,0.177,108.0,13.9
432,7.200,1718,393,0.178,108.2,14.4
433,7.217,1720,393,0.170,108.5,14.9
434,7.233,1734,395,0.189,108.8,15.3
435,7.250,1758,398,0.219,109.0,15.8
436,7.267,1736,395,0.185,109.2,16.2
437,7.283,1751,396,0.204,109.5,16.6
438,7.300,1751,396,0.185,109.8,17.1
439,7.317,1752,396,0.209,110.0,17.5
440,7.333,1765,398,0.198,110.2,18.0
441,7.350,1753,396,0.167,110.5,18.5
442,7.367,1745,395,0.186,110.8,18.9
443,7.383,1754,395,0.189,111.0,19.4
444,7.400,1746,394,0.163,111.2,19.8
445,7.417,1735,392,0.167,111.5,20.2
446,7.433,1758,394,0.204,111.8,20.7
447,7.450,1760,394,0.177,112.0,21.1
448,7.467,1748,393,0.158,112.2,21.6
449,7.483,1756,393,0.956,112.5,22.1
450,7.500,1758,393,0.196,112.8,22.5
451,7.517,1748,391,0.177,113.0,22.9
452,7.533,1772,393,0.214,113.2,23.4
453,7.550,1781,394,0.179,113.5,23.8
454,7.567,1775,393,0.160,113.8,24.3
455,7.583,1804,393,0.238,114.0,24.8
456,7.600,1804,393,0.159,114.2,25.2
457,7.617,1798,392,0.160,114.5,25.6
458,7.633,1798,392,0.181,114.8,26.1
459,7.650,1787,391,0.181,115.0,26.5
460,7.667,1795,392,0.171,115.2,27.0
461,7.683,1795,392,0.156,115.5,27.5
462,7.700,1808,394,0.184,115.8,27.9
463,7.717,1806,393,0.191,116.0,28.4
464,7.733,1793,392,0.173,116.2,28.8
465,7.750,1793,392,0.157,116.5,29.2
466,7.767,1797,393,0.170,116.8,29.7
467,7.783,1807,393,0.190,117.0,30.2
468,7.800,1812,393,0.178,117.2,30.6
469,7.817,1805,392,0.167,117.5,31.0
470,7.833,1825,394,0.199,117.8,31.5
471,7.850,1834,394,0.186,118.0,31.9
472,7.867,1835,394,0.169,118.2,32.4
473,7.883,1827,392,0.161,118.5,32.9
474,7.900,1827,392,0.157,118.8,33.3
475,7.917,1825,392,0.166,119.0,33.8
476,7.933,1831,392,0.176,119.2,34.2
477,7.950,1826,392,0.175,119.5,34.6
478,7.967,1839,393,0.182,119.8,35.1
479,7.983,1839,393,0.908,120.0,35.5
480,8.000,1842,394,0.214,120.2,36.0
481,8.017,1835,393,0.172,120.5,36.5
482,8.033,1835,393,0.403,120.8,36.9
483,8.050,1824,391,0.165,121.0,37.3
484,8.067,1825,391,0.177,121.2,37.8
485,8.083,1818,390,0.160,121.5,38.2
486,8.100,1853,392,0.229,121.8,38.7
487,8.117,1864,393,0.176,122.0,39.2
488,8.133,1875,394,0.203,122.2,39.6
489,8.150,1875,394,0.169,122.5,40.0
490,8.167,1876,394,0.175,122.8,40.5
491,8.183,1887,395,0.183,123.0,41.0
492,8.200,1883,394,0.181,123.2,41.4
493,8.217,1902,396,0.204,123.5,41.8
494,8.233,1902,396,0.169,123.8,42.3
495,8.250,1902,396,0.170,124.0,42.8
496,8.267,1902,395,0.230,124.2,43.2
497,8.283,1902,395,0.196,124.5,43.7
498,8.300,1894,394,0.183,124.8,44.1
499,8.317,1894,394,0.164,125.0,44.5
500,8.333,1903,395,0.206,125.2,45.0
501,8.350,1917,396,0.213,125.5,45.5
502,8.367,1917,396,0.187,125.8,45.9
503,8.383,1911,396,0.170,126.0,46.3
504,8.400,1900,394,0.164,126.2,46.8
505,8.417,1900,394,0.176,126.5,47.2
506,8.433,1891,392,0.164,126.8,47.7
507,8.450,1904,394,0.186,127.0,48.2
508,8.467,1897,393,0.162,127.2,48.6
509,8.483,1896,392,0.991,127.5,49.1
510,8.500,1890,391,0.179,127.8,49.5
511,8.517,1887,390,0.163,128.0,50.0
512,8.533,1892,391,0.179,128.2,50.4
513,8.550,1884,389,0.169,128.5,50.8
514,8.567,1901,391,0.196,128.8,51.3
515,8.583,1907,392,0.171,129.0,51.8
516,8.600,1914,393,0.173,129.2,52.2
517,8.617,1912,392,0.163,129.5,52.6
518,8.633,1916,392,0.206,129.8,53.1
519,8.650,1916,392,0.176,130.0,53.6
520,8.667,1934,394,0.202,130.2,54.0
521,8.683,1941,393,0.217,130.5,54.5
522,8.700,1929,391,0.165,130.8,54.9
523,8.717,1933,391,0.184,131.0,55.4
524,8.733,1929,390,0.162,131.2,55.8
525,8.750,1929,390,0.159,131.5,56.2
526,8.767,1922,389,0.162,131.8,56.7
527,8.783,1926,390,0.171,132.0,57.1
528,8.800,1934,392,0.181,132.2,57.6
529,8.817,1946,395,0.189,132.5,58.0
530,8.833,1960,397,0.199,132.8,58.5
531,8.850,1956,396,0.161,133.0,58.9
532,8.867,1953,395,0.164,133.2,59.4
533,8.883,1943,393,0.164,133.5,59.9
534,8.900,1932,391,0.162,133.8,60.3
535,8.917,1923,390,0.170,134.0,60.8
536,8.933,1920,389,0.163,134.2,61.2
537,8.950,1920,389,0.161,134.5,61.7
538,8.967,1911,388,0.163,134.8,62.1
539,8.983,1916,388,1.331,135.0,62.5
540,9.000,1922,390,3.008,135.2,63.0
541,9.017,1909,387,0.508,135.5,63.4
542,9.033,1916,388,0.183,135.8,63.9
543,9.050,1926,389,0.215,136.0,64.3
544,9.067,1926,389,0.181,136.2,64.8
545,9.083,1926,388,0.179,136.5,65.2
546,9.100,1920,387,0.162,136.8,65.7
547,9.117,1919,387,0.173,137.0,66.2
548,9.133,1914,386,0.158,137.2,66.6
549,9.150,1914,386,0.160,137.5,67.1
550,9.167,1924,387,0.176,137.8,67.5
551,9.183,1932,387,0.195,138.0,67.9
552,9.200,1952,390,0.202,138.2,68.4
553,9.217,1961,390,0.219,138.5,68.8
554,9.233,1961,390,0.227,138.8,69.3
555,9.250,1971,391,0.196,139.0,69.8
556,9.267,1963,390,0.174,139.2,70.2
557,9.283,1953,389,0.199,139.5,70.7
558,9.300,1949,388,0.163,139.8,71.1
559,9.317,1946,387,0.162,140.0,71.6
560,9.333,1954,387,0.184,140.2,72.0
561,9.350,1944,385,0.165,140.5,72.4
562,9.367,1936,384,0.165,140.8,72.9
563,9.383,1945,386,0.211,141.0,73.3
564,9.400,1941,385,0.164,141.2,73.8
565,9.417,1959,388,0.201,141.5,74.2
566,9.433,1959,388,0.186,141.8,74.7
567,9.450,1966,390,0.184,142.0,75.2
568,9.467,1967,390,0.191,142.2,75.6
569,9.483,1967,390,0.982,142.5,76.1
570,9.500,1947,386,0.198,142.8,76.5
571,9.517,1947,386,0.160,143.0,77.0
572,9.533,1952,387,0.175,143.2,77.4
573,9.550,1948,386,0.174,143.5,77.8
574,9.567,1948,386,0.159,143.8,78.3
575,9.583,1958,388,0.217,144.0,78.8
576,9.600,1949,387,0.167,144.2,79.2
577,9.617,1960,388,0.198,144.5,79.7
578,9.633,1960,388,0.162,144.8,80.1
579,9.650,1948,386,0.166,145.0,80.5
580,9.667,1955,387,0.189,145.2,81.0
581,9.683,1954,386,0.169,145.5,81.4
582,9.700,1954,386,0.161,145.8,81.9
583,9.717,1945,385,0.175,146.0,82.3
584,9.733,1943,384,0.158,146.2,82.8
585,9.750,1938,382,0.159,146.5,83.2
586,9.767,1933,381,0.160,146.8,83.7
587,9.783,1932,381,0.175,147.0,84.2
588,9.800,1956,383,0.205,147.2,84.6
589,9.817,1933,380,0.174,147.5,85.1
590,9.833,1940,382,0.175,147.8,85.5
591,9.850,1948,383,0.173,148.0,85.9
592,9.867,1950,383,0.174,148.2,86.4
593,9.883,1948,383,0.174,148.5,86.8
594,9.900,1945,382,0.171,148.8,87.3
595,9.917,1945,382,0.155,149.0,87.8
596,9.933,1945,382,0.155,149.2,88.2
597,9.950,1930,380,0.177,149.5,88.7
598,9.967,1910,378,0.169,149.8,89.1
599,9.983,1920,380,0.984,150.0,89.6
600,10.000,1822,366,3.061,150.2,0.0
601,10.017,1825,367,0.182,150.5,0.4
602,10.033,1823,367,0.177,150.8,0.9
603,10.050,1814,365,0.164,151.0,1.4
604,10.067,1845,366,0.224,151.2,1.8
605,10.083,1840,365,0.184,151.5,2.2
606,10.100,1865,367,0.217,151.8,2.7
607,10.117,1876,368,0.182,152.0,3.2
608,10.133,1865,366,0.168,152.2,3.6
609,10.150,1875,366,0.190,152.5,4.1
610,10.167,1870,365,0.176,152.8,4.5
611,10.183,1865,364,0.174,153.0,4.9
612,10.200,1860,365,0.980,153.2,5.4
613,10.217,1887,367,0.266,153.5,5.8
614,10.233,1895,368,0.207,153.8,6.3
615,10.250,1895,368,0.185,154.0,6.8
616,10.267,1895,369,0.184,154.2,7.2
617,10.283,1903,368,0.236,154.5,7.7
618,10.300,1894,367,0.228,154.8,8.1
619,10.317,1907,367,0.235,155.0,8.6
620,10.333,1902,366,0.181,155.2,9.0
621,10.350,1912,367,0.217,155.5,9.4
622,10.367,1908,367,0.199,155.8,9.9
623,10.383,1908,367,0.179,156.0,10.4
624,10.400,1921,367,0.223,156.2,10.8
625,10.417,1920,366,0.204,156.5,11.2
626,10.433,1938,369,0.259,156.8,11.7
627,10.450,1931,368,0.216,157.0,12.2
628,10.467,1931,368,0.192,157.2,12.6
629,10.483,1937,369,1.439,157.5,13.0
630,10.500,1932,368,3.810,157.8,13.5
631,10.517,1932,368,0.206,158.0,13.9
632,10.533,1926,367,0.214,158.2,14.4
633,10.550,1942,368,0.231,158.5,14.9
634,10.567,1942,368,0.204,158.8,15.3
635,10.583,1942,367,0.207,159.0,15.8
636,10.600,1950,368,0.212,159.2,16.2
637,10.617,1953,369,0.194,159.5,16.6
638,10.633,1953,369,0.187,159.8,17.1
639,10.650,1957,369,0.219,160.0,17.5
640,10.667,1971,371,0.215,160.2,18.0
641,10.683,1959,369,0.202,160.5,18.5
642,10.700,1977,370,0.251,160.8,18.9
643,10.717,1977,370,0.176,161.0,19.4
644,10.733,1966,369,0.183,161.2,19.8
645,10.750,1966,368,0.207,161.5,20.2
646,10.767,1979,369,0.227,161.8,20.7
647,10.783,1991,371,0.207,162.0,21.1
648,10.800,1995,371,0.212,162.2,21.6
649,10.817,1995,371,0.181,162.5,22.1
650,10.833,1991,370,0.182,162.8,22.5
651,10.850,1991,370,0.177,163.0,22.9
652,10.867,1987,369,0.197,163.2,23.4
653,10.883,1999,371,0.251,163.5,23.8
654,10.900,1995,370,0.183,163.8,24.3
655,10.917,1999,371,0.190,164.0,24.8
656,10.933,1999,371,0.180,164.2,25.2
657,10.950,1980,370,0.226,164.5,25.6
658,10.967,1981,370,0.254,164.8,26.1
659,10.983,1985,371,0.933,165.0,26.5
660,11.000,1980,370,0.237,165.2,27.0
661,11.017,1980,370,0.180,165.5,27.5
662,11.033,1979,369,0.198,165.8,27.9
663,11.050,1985,370,0.235,166.0,28.4
664,11.067,1985,370,0.312,166.2,28.8
665,11.083,1987,370,0.390,166.5,29.2
666,11.100,1986,370,0.336,166.8,29.7
667,11.117,1986,370,0.179,167.0,30.2
668,11.133,1991,371,0.188,167.2,30.6
669,11.150,1968,371,0.198,167.5,31.0
670,11.167,1973,372,0.203,167.8,31.5
671,11.183,1976,372,0.213,168.0,31.9
672,11.200,1984,373,0.195,168.2,32.4
673,11.217,1981,372,0.218,168.5,32.9
674,11.233,1972,371,0.208,168.8,33.3
675,11.250,1969,370,0.185,169.0,33.8
676,11.267,1969,370,0.177,169.2,34.2
677,11.283,1976,371,0.192,169.5,34.6
678,11.300,1970,370,0.218,169.8,35.1
679,11.317,1965,369,0.188,170.0,35.5
680,11.333,1967,370,0.195,170.2,36.0
681,11.350,1967,370,0.176,170.5,36.5
682,11.367,1974,370,0.201,170.8,36.9
683,11.383,1974,370,0.177,171.0,37.3
684,11.400,1992,373,0.222,171.2,37.8
685,11.417,1983,371,0.198,171.5,38.2
686,11.433,1983,371,0.174,171.8,38.7
687,11.450,1987,372,0.186,172.0,39.2
688,11.467,1982,371,0.177,172.2,39.6
689,11.483,1985,373,1.120,172.5,40.0
690,11.500,1995,375,0.254,172.8,40.5
691,11.517,1982,373,0.199,173.0,41.0
692,11.533,1980,373,0.192,173.2,41.4
693,11.550,1975,372,0.177,173.5,41.8
694,11.567,1983,374,0.193,173.8,42.3
695,11.583,1977,373,0.177,174.0,42.8
696,11.600,1992,376,0.207,174.2,43.2
697,11.617,1988,375,0.199,174.5,43.7
698,11.633,1975,373,0.199,174.8,44.1
699,11.650,1973,372,0.174,175.0,44.5
700,11.667,1973,372,0.213,175.2,45.0
701,11.683,1976,373,0.188,175.5,45.5
702,11.700,1979,374,0.184,175.8,45.9
703,11.717,1988,375,0.211,176.0,46.3
704,11.733,1979,374,0.191,176.2,46.8
705,11.750,1983,374,0.193,176.5,47.2
706,11.767,1963,372,0.180,176.8,47.7
707,11.783,1978,373,0.219,177.0,48.2
708,11.800,1978,373,0.208,177.2,48.6
709,11.817,1981,374,0.200,177.5,49.1
710,11.833,1981,374,0.172,177.8,49.5
711,11.850,1976,373,0.188,178.0,50.0
712,11.867,1976,373,0.169,178.2,50.4
713,11.883,1983,374,0.186,178.5,50.8
714,11.900,1981,373,0.185,178.8,51.3
715,11.917,1990,375,0.207,179.0,51.8
716,11.933,1992,377,0.202,179.2,52.2
717,11.950,1984,375,0.175,179.5,52.6
718,11.967,1980,374,0.171,179.8,53.1
719,11.983,1980,374,0.952,180.0,53.6
720,12.000,1980,374,0.190,180.2,54.0
721,12.017,1992,376,0.208,180.5,54.5
722,12.033,1984,376,0.202,180.8,54.9
723,12.050,1987,376,0.209,181.0,55.4
724,12.067,2010,377,0.227,181.2,55.8
725,12.083,2009,376,0.172,181.5,56.2
726,12.100,1980,373,0.181,181.8,56.7
727,12.117,1980,373,0.171,182.0,57.1
728,12.133,1985,374,0.436,182.2,57.6
729,12.150,1991,376,0.192,182.5,58.0
730,12.167,1988,374,0.176,182.8,58.5
731,12.183,1982,373,0.174,183.0,58.9
732,12.200,1985,374,0.181,183.2,59.4
733,12.217,1992,375,0.188,183.5,59.9
734,12.233,1988,374,0.186,183.8,60.3
735,12.250,1995,376,0.190,184.0,60.8
736,12.267,1998,375,0.194,184.2,61.2
737,12.283,1989,374,0.183,184.5,61.7
738,12.300,2000,377,0.207,184.8,62.1
739,12.317,1997,376,0.176,185.0,62.5
740,12.333,1997,376,0.185,185.2,63.0
741,12.350,1997,376,0.174,185.5,63.4
742,12.367,1979,375,0.226,185.8,63.9
743,12.383,1979,375,0.198,186.0,64.3
744,12.400,1970,373,0.185,186.2,64.8
745,12.417,1976,374,0.194,186.5,65.2
746,12.433,1981,375,0.198,186.8,65.7
747,12.450,1987,376,0.188,187.0,66.2
748,12.467,1981,375,0.176,187.2,66.6
749,12.483,1991,374,1.085,187.5,67.1
750,12.500,1996,375,0.207,187.8,67.5
751,12.517,2000,376,0.185,188.0,67.9
752,12.533,1988,375,0.197,188.2,68.4
753,12.550,1989,376,0.195,188.5,68.8
754,12.567,1994,377,0.185,188.8,69.3
755,12.583,1994,377,0.172,189.0,69.8
756,12.600,1999,378,0.184,189.2,70.2
757,12.617,1955,376,0.196,189.5,70.7
758,12.633,1962,377,0.188,189.8,71.1
759,12.650,1968,378,0.194,190.0,71.6
760,12.667,1960,376,0.175,190.2,72.0
761,12.683,1961,375,0.194,190.5,72.4
762,12.700,1949,374,0.175,190.8,72.9
763,12.717,1951,375,0.178,191.0,73.3
764,12.733,1958,377,0.187,191.2,73.8
765,12.750,1975,378,0.213,191.5,74.2
766,12.767,1971,378,0.177,191.8,74.7
767,12.783,1977,379,0.184,192.0,75.2
768,12.800,1989,380,0.206,192.2,75.6
769,12.817,1967,379,0.207,192.5,76.1
770,12.833,1971,380,0.183,192.8,76.5
771,12.850,1940,378,0.184,193.0,77.0
772,12.867,1926,376,0.176,193.2,77.4
773,12.883,1924,376,0.178,193.5,77.8
774,12.900,1922,376,0.177,193.8,78.3
775,12.917,1931,377,0.191,194.0,78.8
776,12.933,1937,378,0.182,194.2,79.2
777,12.950,1929,377,0.186,194.5,79.7
778,12.967,1932,378,0.178,194.8,80.1
779,12.983,1941,379,0.990,195.0,80.5
780,13.000,1944,379,0.215,195.2,81.0
781,13.017,1953,381,0.197,195.5,81.4
782,13.033,1964,383,0.192,195.8,81.9
783,13.050,1956,382,0.170,196.0,82.3
784,13.067,1961,382,0.207,196.2,82.8
785,13.083,1956,382,0.186,196.5,83.2
786,13.100,1944,380,0.182,196.8,83.7
787,13.117,1939,379,0.171,197.0,84.2
788,13.133,1934,378,0.178,197.2,84.6
789,13.150,1925,378,0.312,197.5,85.1
790,13.167,1938,380,0.223,197.8,85.5
791,13.183,1945,381,0.195,198.0,85.9
792,13.200,1948,382,0.175,198.2,86.4
793,13.217,1957,383,0.185,198.5,86.8
794,13.233,1952,382,0.171,198.8,87.3
795,13.250,1967,384,0.198,199.0,87.8
796,13.267,1946,382,0.205,199.2,88.2
797,13.283,1941,381,0.179,199.5,88.7
798,13.300,1938,382,0.215,199.8,89.1
799,13.317,1938,382,0.179,200.0,89.6
800,13.333,2085,350,3.786,200.2,0.0
801,13.350,2092,351,0.226,200.5,0.4
802,13.367,2091,350,0.181,200.8,0.9
803,13.383,2094,351,0.202,201.0,1.4
804,13.400,2089,350,0.184,201.2,1.8
805,13.417,2099,349,0.199,201.5,2.2
806,13.433,2089,345,0.188,201.8,2.7
807,13.450,2095,346,0.183,202.0,3.2
808,13.467,2096,345,0.182,202.2,3.6
809,13.483,2101,344,1.001,202.5,4.1
810,13.500,2104,343,0.226,202.8,4.5
811,13.517,2101,342,0.213,203.0,4.9
812,13.533,2100,341,0.170,203.2,5.4
813,13.550,2107,341,0.181,203.5,5.8
814,13.567,2107,340,0.202,203.8,6.3
815,13.583,2107,340,0.165,204.0,6.8
816,13.600,2109,340,0.198,204.2,7.2
817,13.617,2105,338,0.167,204.5,7.7
818,13.633,2093,337,0.187,204.8,8.1
819,13.650,2101,338,0.187,205.0,8.6
820,13.667,2121,338,0.222,205.2,9.0
821,13.683,2113,338,0.180,205.5,9.4
822,13.700,2112,337,0.164,205.8,9.9
823,13.717,2090,332,0.172,206.0,10.4
824,13.733,2099,334,0.185,206.2,10.8
825,13.750,2091,334,0.173,206.5,11.2
826,13.767,2098,335,0.189,206.8,11.7
827,13.783,2104,334,0.188,207.0,12.2
828,13.800,2105,332,0.188,207.2,12.6
829,13.817,2109,332,0.189,207.5,13.0
830,13.833,2109,332,0.166,207.8,13.5
831,13.850,2102,331,0.180,208.0,13.9
832,13.867,2105,332,0.191,208.2,14.4
833,13.883,2098,330,0.166,208.5,14.9
834,13.900,2095,329,0.175,208.8,15.3
835,13.917,2097,328,0.208,209.0,15.8
836,13.933,2077,324,0.191,209.2,16.2
837,13.950,2093,325,0.198,209.5,16.6
838,13.967,2092,324,0.163,209.8,17.1
839,13.983,2089,323,4.837,210.0,17.5
840,14.000,2093,323,0.232,210.2,18.0
841,14.017,2092,323,0.181,210.5,18.5
842,14.033,2092,322,0.165,210.8,18.9
843,14.050,2098,321,0.211,211.0,19.4
844,14.067,2101,321,0.200,211.2,19.8
845,14.083,2108,321,0.181,211.5,20.2
846,14.100,2120,321,0.215,211.8,20.7
847,14.117,2118,323,0.187,212.0,21.1
848,14.133,2081,317,0.185,212.2,21.6
849,14.150,2076,317,0.195,212.5,22.1
850,14.167,2076,315,0.174,212.8,22.5
851,14.183,2081,314,0.175,213.0,22.9
852,14.200,2084,314,0.445,213.2,23.4
853,14.217,2080,313,0.174,213.5,23.8
854,14.233,2099,316,0.209,213.8,24.3
855,14.250,2098,315,0.164,214.0,24.8
856,14.267,2105,316,0.197,214.2,25.2
857,14.283,2101,315,0.175,214.5,25.6
858,14.300,2113,317,0.199,214.8,26.1
859,14.317,2101,315,0.170,215.0,26.5
860,14.333,2100,315,0.184,215.2,27.0
861,14.350,2080,314,0.168,215.5,27.5
862,14.367,2081,314,0.179,215.8,27.9
863,14.383,2068,312,0.179,216.0,28.4
864,14.400,2045,307,0.190,216.2,28.8
865,14.417,2053,307,0.191,216.5,29.2
866,14.433,2053,307,0.164,216.8,29.7
867,14.450,2061,308,0.195,217.0,30.2
868,14.467,2051,306,0.171,217.2,30.6
869,14.483,2051,306,1.083,217.5,31.0
870,14.500,2050,307,0.198,217.8,31.5
871,14.517,2057,309,0.179,218.0,31.9
872,14.533,2055,308,0.161,218.2,32.4
873,14.550,2050,307,0.161,218.5,32.9
874,14.567,2038,304,0.180,218.8,33.3
875,14.583,2038,304,0.160,219.0,33.8
876,14.600,2037,303,0.161,219.2,34.2
877,14.617,2030,303,0.171,219.5,34.6
878,14.633,2039,306,0.201,219.8,35.1
879,14.650,2061,308,0.252,220.0,35.5
880,14.667,2056,307,0.174,220.2,36.0
881,14.683,2051,305,0.188,220.5,36.5
882,14.700,2042,304,0.183,220.8,36.9
883,14.717,2043,303,0.189,221.0,37.3
884,14.733,2032,301,0.175,221.2,37.8
885,14.750,2036,302,0.169,221.5,38.2
886,14.767,2029,303,0.185,221.8,38.7
887,14.783,2037,304,0.183,222.0,39.2
888,14.800,2039,304,0.178,222.2,39.6
889,14.817,2050,305,0.186,222.5,40.0
890,14.833,2038,305,0.192,222.8,40.5
891,14.850,2038,305,0.165,223.0,41.0
892,14.867,2039,306,0.172,223.2,41.4
893,14.883,2042,306,0.175,223.5,41.8
894,14.900,2030,304,0.167,223.8,42.3
895,14.917,2030,304,0.162,224.0,42.8
896,14.933,2041,306,0.218,224.2,43.2
897,14.950,2020,304,0.173,224.5,43.7
898,14.967,2031,305,0.192,224.8,44.1
899,14.983,2017,303,3.795,225.0,44.5
900,15.000,2033,304,0.889,225.2,45.0
901,15.017,2036,305,0.199,225.5,45.5
902,15.033,2032,305,0.181,225.8,45.9
903,15.050,2019,305,0.172,226.0,46.3
904,15.067,2028,308,0.213,226.2,46.8
905,15.083,2046,310,0.225,226.5,47.2
906,15.100,2053,311,0.193,226.8,47.7
907,15.117,2045,310,0.181,227.0,48.2
908,15.133,2022,309,0.209,227.2,48.6
909,15.150,2019,309,0.176,227.5,49.1
910,15.167,2017,309,0.167,227.8,49.5
911,15.183,2033,312,0.194,228.0,50.0
912,15.200,2030,312,0.174,228.2,50.4
913,15.217,2012,309,0.170,228.5,50.8
914,15.233,2014,311,0.178,228.8,51.3
915,15.250,1987,307,0.171,229.0,51.8
916,15.267,1990,308,0.169,229.2,52.2
917,15.283,1981,306,0.172,229.5,52.6
918,15.300,1984,308,0.172,229.8,53.1
919,15.317,1979,307,0.173,230.0,53.6
920,15.333,1979,307,0.169,230.2,54.0
921,15.350,1963,305,0.172,230.5,54.5
922,15.367,1941,304,0.170,230.8,54.9
923,15.383,1975,312,0.262,231.0,55.4
924,15.400,1979,315,0.193,231.2,55.8
925,15.417,1987,318,0.193,231.5,56.2
926,15.433,1985,318,0.198,231.8,56.7
927,15.450,1994,322,0.191,232.0,57.1
928,15.467,1990,325,0.222,232.2,57.6
929,15.483,1989,325,1.104,232.5,58.0
930,15.500,2000,328,0.218,232.8,58.5
931,15.517,2002,329,0.174,233.0,58.9
932,15.533,2002,332,0.192,233.2,59.4
933,15.550,2004,332,0.179,233.5,59.9
934,15.567,1993,334,0.216,233.8,60.3
935,15.583,1991,333,0.169,234.0,60.8
936,15.600,1985,335,0.197,234.2,61.2
937,15.617,1986,338,0.172,234.5,61.7
938,15.633,1989,338,0.182,234.8,62.1
939,15.650,1992,340,0.206,235.0,62.5
940,15.667,1997,343,0.181,235.2,63.0
941,15.683,1999,347,0.201,235.5,63.4
942,15.700,1987,353,0.205,235.8,63.9
943,15.717,1982,352,0.166,236.0,64.3
944,15.733,1979,351,0.166,236.2,64.8
945,15.750,1971,351,0.191,236.5,65.2
946,15.767,1975,352,0.195,236.8,65.7
947,15.783,1966,351,0.176,237.0,66.2
948,15.800,1974,354,0.230,237.2,66.6
949,15.817,1982,357,0.213,237.5,67.1
950,15.833,1961,356,0.179,237.8,67.5
951,15.850,1944,355,0.185,238.0,67.9
952,15.867,1945,356,0.180,238.2,68.4
953,15.883,1956,359,0.196,238.5,68.8
954,15.900,1958,360,0.183,238.8,69.3
955,15.917,1953,359,0.181,239.0,69.8
956,15.933,1954,360,0.190,239.2,70.2
957,15.950,1928,358,0.199,239.5,70.7
958,15.967,1916,357,0.202,239.8,71.1
959,15.983,1921,360,1.015,240.0,71.6
960,16.000,1930,364,0.226,240.2,72.0
961,16.017,1936,364,0.192,240.5,72.4
962,16.033,1951,366,0.208,240.8,72.9
963,16.050,1951,366,0.173,241.0,73.3
964,16.067,1938,366,0.202,241.2,73.8
965,16.083,1919,365,0.176,241.5,74.2
966,16.100,1912,364,0.174,241.8,74.7
967,16.117,1920,366,0.211,242.0,75.2
968,16.133,1939,368,0.221,242.2,75.6
969,16.150,1945,369,0.184,242.5,76.1
970,16.167,1935,367,0.175,242.8,76.5
971,16.183,1942,367,0.191,243.0,77.0
972,16.200,1944,369,0.186,243.2,77.4
973,16.217,1940,368,0.174,243.5,77.8
974,16.233,1934,368,0.216,243.8,78.3
975,16.250,1955,373,0.248,244.0,78.8
976,16.267,1947,371,0.178,244.2,79.2
977,16.283,1928,372,0.200,244.5,79.7
978,16.300,1927,372,0.187,244.8,80.1
979,16.317,1929,373,0.184,245.0,80.5
980,16.333,1929,373,0.173,245.2,81.0
981,16.350,1938,375,0.195,245.5,81.4
982,16.367,1945,375,0.195,245.8,81.9
983,16.383,1949,376,0.476,246.0,82.3
984,16.400,1925,373,0.185,246.2,82.8
985,16.417,1931,375,0.186,246.5,83.2
986,16.433,1943,377,0.206,246.8,83.7
987,16.450,1939,376,0.198,247.0,84.2
988,16.467,1926,374,0.176,247.2,84.6
989,16.483,1925,374,1.105,247.5,85.1
990,16.500,1929,375,0.210,247.8,85.5
991,16.517,1939,376,0.224,248.0,85.9
992,16.533,1937,376,0.185,248.2,86.4
993,16.550,1939,378,0.188,248.5,86.8
994,16.567,1944,381,0.192,248.8,87.3
995,16.583,1941,382,0.201,249.0,87.8
996,16.600,1938,381,0.195,249.2,88.2
997,16.617,1933,380,0.173,249.5,88.7
998,16.633,1933,380,0.176,249.8,89.1
999,16.650,1936,381,0.190,250.0,89.6
